{
    "time": {
        "speed_solar": -33.4, 
        "speed_night": -40.0
    }, 
    "dec": {
        "last_pos": 19011, 
        "speed_3": 800, 
        "speed_2": 700, 
        "speed_1": 600, 
        "pos_update": 1554721516.368901, 
        "range": [
            200, 
            60000
        ], 
        "home": 17000
    }, 
    "dome": {
        "length": 2.0, 
        "sleep": 895.0
    }, 
    "ra": {
        "last_pos": 25642, 
        "speed_3": 800, 
        "speed_2": 700, 
        "speed_1": 600, 
        "pos_update": 1554721516.167257, 
        "range": [
            200, 
            60000
        ], 
        "home": 17000
    }
}