{
    "ra": {
        "last_pos": 32520, 
        "speed_3": 800, 
        "speed_2": 700, 
        "speed_1": 600, 
        "pos_update": 1587029075.345157, 
        "range": [
            200, 
            60000
        ], 
        "home": 17000
    }, 
    "dec": {
        "last_pos": 13679, 
        "speed_3": 800, 
        "speed_2": 700, 
        "speed_1": 600, 
        "pos_update": 1587029075.524867, 
        "range": [
            200, 
            60000
        ], 
        "home": 17000
    }, 
    "dome": {
        "length": 2.0, 
        "sleep": 860.0
    }, 
    "time": {
        "speed_solar": -33.4, 
        "speed_night": -40.0
    }
}