{
    "ra": {
        "last_pos": 11878, 
        "speed_3": 800, 
        "speed_2": 700, 
        "speed_1": 600, 
        "pos_update": 1515236987.079868, 
        "range": [
            200, 
            60000
        ], 
        "home": 17000
    }, 
    "dec": {
        "last_pos": 10006, 
        "speed_3": 800, 
        "speed_2": 700, 
        "speed_1": 600, 
        "pos_update": 1515236987.252841, 
        "range": [
            200, 
            60000
        ], 
        "home": 17000
    }, 
    "dome": {
        "length": 2.0, 
        "sleep": 895.0
    }, 
    "time": {
        "speed_solar": -33.34
    }
}