{
    "dec": {
        "last_pos": 4161280, 
        "speed_3": 800, 
        "speed_2": 700, 
        "speed_1": 600, 
        "pos_update": 1513334809.41087, 
        "range": [
            200, 
            60000
        ], 
        "home": 17000
    }, 
    "ra": {
        "last_pos": 0, 
        "speed_3": 800, 
        "speed_2": 700, 
        "speed_1": 600, 
        "pos_update": 1513334809.233853, 
        "range": [
            200, 
            60000
        ], 
        "home": 17000
    }, 
    "time": {
        "speed_solar": -33.34
    }
}